Enzo Gabriel Duarte,enzo.gabriel.duarte,123456
Luiz Felipe Barbosa,luiz.felipe.barbosa,123456
Sra. Sofia Ferreira,sofia.ferreira,123456
Giovanna Fernandes,giovanna.fernandes,123456
Isabelly da Cruz,isabelly.dacruz,123456
Srta. Helena Oliveira,helena.oliveira,123456
Alice Gonçalves,alice.gonçalves,123456
Ian Gonçalves,ian.gonçalves,123456
Carlos Eduardo Ferreira,carlos.eduardo.ferreira,123456
Erick Pereira,erick.pereira,123456
Diego Gomes,diego.gomes,123456
Sr. Ryan Novaes,ryan.novaes,123456
Fernando Campos,fernando.campos,123456
Raquel Cavalcanti,raquel.cavalcanti,123456
Clarice Costa,clarice.costa,123456
